,poor,moderate,enriched
poor,99.82935153583618,0.08532423208191127,0.08532423208191127
moderate,10.638297872340425,89.36170212765957,0.0
enriched,4.166666666666666,0.0,95.83333333333334
