,poor,moderate,enriched
poor,99.43074003795066,0.18975332068311196,0.3795066413662239
moderate,0.0,100.0,0.0
enriched,0.0,0.0,100.0
