metric,mean,std
acc,0.9472403302911777,0.014146989569622051
precision_macro,0.8133506740093097,0.08184704711430198
recall_macro,0.8368673255465708,0.06010249177397883
f1_macro,0.8188510793439876,0.06009214077623194
balanced_accuracy,0.8368673255465708,0.06010249177397883
