model,fold,acc,precision_macro,recall_macro,f1_macro,balanced_accuracy
XGB_Li_3Class,1,0.9576271186440678,0.8597018246550956,0.8270440251572326,0.8421752738654148,0.8270440251572326
XGB_Li_3Class,2,0.940677966101695,0.7732894128525197,0.8890386343216532,0.8221690590111642,0.8890386343216532
XGB_Li_3Class,3,0.9661016949152542,0.935098650051921,0.8718253968253968,0.8984725965858041,0.8718253968253968
XGB_Li_3Class,4,0.9316239316239316,0.745940170940171,0.7373015873015873,0.734867471709577,0.7373015873015873
XGB_Li_3Class,5,0.9401709401709402,0.7527233115468409,0.8591269841269842,0.7965709955479777,0.8591269841269842
